period,topic_id,top_terms,avg_prevalence,explained_variance
2006-2015,0,"部落, 泰雅族, 原住民, 庫斯, 泰雅, 傳統, 文化, 族人, 司馬, 鎮西堡, 依倚, 司馬 庫斯, 青年, 公尺, 小米",0.4403637888394687,0.014147871282348895
2006-2015,1,"老人, 人瑞, 母親, 百歲, 家人, 身體, 泰雅, 不過, 去年, 民族, 邱鏡淳, 縣長, 一名, 百歲 人瑞, 虛弱",0.021424180976943694,0.13324755962915455
2006-2015,2,"警方, 公尺, 現場, 樹林, 多年, 相驗, 發時, 留在 現場, 打電話, 老人, 人瑞, 母親, 調查, 想到, 一看",0.04549973910446591,0.12032143879945915
2006-2015,3,"依倚, 庫斯 部落, 庫斯, 司馬, 拉互 依倚, 拉互, 司馬 庫斯, 領域, 感謝, 山林, 依倚 臉書上, 秘書拉互 依倚, 臉書上, 秘書拉互, 故事",-0.0216126195857319,0.11195347127879572
2016-2025,0,"部落, 公所, 表示, 縣府, 遊客, 目前, 控溪, 安全, 相關, 交通, 政府, 泰雅, 垃圾, 尖石 公所, 曾國大",0.4569217969177715,0.018822579330540122
2016-2025,1,"控溪 部落, 控溪, 山頭, 撤離, 早上, 當地, 溢流, 相關, 竹線, 單位, 注意, 白石, 民眾, 當中, 土石",0.02295605298968284,0.12980134035770516
2016-2025,2,"遊客, 車潮, 一度, 尖峰, 直接, 交通, 道路, 搶救, 受傷, 內灣, 通往, 調查, 現場, 垃圾, 所在",0.010823236489785263,0.12219259314506781
2016-2025,3,"消防局, 患者, 男子, 前往, 鄉新樂村, 尖石 鄉新樂村, 地形, 情形, 點分, 活動, 新竹 消防局, 位置, 初步, 受傷, 搶救",0.01824345794891379,0.1047236409191881
